{
    "accuracy": 0.9824561403508771,
    "precision": 0.9761904761904762,
    "recall": 0.9761904761904762,
    "f1": 0.9761904761904762
}